"Reference","Function","Manufacturer","MPN","LCSC part","Fitted qty","MOQ","Multiple","Order qty","Tier start","Unit USD","Fitted USD","Order USD","Stock qty","Availability","Accessed","Cache age",,"LCSC source URL"
"U1","Bluetooth audio","Microchip","BM83SM1-00TA","C6752723","1","1","1","1","1","19.6018","19.6018","19.6018","1","In stock","46297","4 days ago",,"https://www.lcsc.com/product-detail/C6752723.html"
"U3","System control","ST","STM32G031K8T6","C432203","1","1","1","1","1","3.107","3.107","3.107","299","In stock","46297","today",,"https://www.lcsc.com/product-detail/C432203.html"
"U4","Battery charger","TI","BQ25895RTWR","C80200","1","1","1","1","1","2.1402","2.1402","2.1402","4508","In stock","46297","today",,"https://www.lcsc.com/product-detail/C80200.html"
"U5","Battery fuel gauge","Maxim","MAX17048G+T10","C2682616","1","1","1","1","1","2.1956","2.1956","2.1956","24756","In stock","46297","today",,"https://www.lcsc.com/product-detail/C2682616.html"
"U2","USB audio codec","TI","PCM2902CDBR","C2651869","1","1","1","1","1","13.6956","13.6956","13.6956","4","In stock","46297","3 weeks ago",,"https://www.lcsc.com/product-detail/C2651869.html"
"U6, U7","Speaker amplifiers","TI","TAS5825MRHBR","C471049","2","1","1","2","1","2.7394","5.4788","5.4788","113","In stock","46297","yesterday",,"https://www.lcsc.com/product-detail/audio-amplifiers_texas-instruments-tas5825mrhbr_C471049.html"
"J1","USB-C receptacle","Korean Hroparts Elec","TYPE-C-31-M-12","C165948","1","5","5","5","5","0.1727","0.1727","0.8635","434585","In stock","46297","today",,"https://www.lcsc.com/product-detail/C165948.html"
"J2, J3","Headphones / line-in","HOOYA","PJ-307","C2939173","2","5","5","5","5","0.152","0.304","0.76","1035","In stock","46297","3 days ago",,"https://www.lcsc.com/product-detail/C2939173.html"
"U8, U9","Audio routing","TI","TS5A23157DGSR","C11133","2","1","1","2","1","0.4931","0.9862","0.9862","2179","In stock","46297","3 days ago",,"https://www.lcsc.com/product-detail/C11133.html"
"U10","Headphone amplifier","TI","TPA6132A2RTER","C69901","1","1","1","1","1","2.0544","2.0544","2.0544","245","In stock","46297","today",,"https://www.lcsc.com/product-detail/C69901.html"
"D1","USB data ESD","TI","TPD2E2U06DRLR","C1972959","1","5","5","5","5","0.3254","0.3254","1.627","7620","In stock","46297","today",,"https://www.lcsc.com/product-detail/C1972959.html"
"U11","USB PD controller","ST","STUSB4500QTR","C2678061","1","1","1","1","1","2.6826","2.6826","2.6826","4877","Snapshot","46299","today",,"https://www.lcsc.com/product-detail/C2678061.html"
"Q1, Q2","PD reverse-blocking PMOS","ST","STL9P3LLH6","C2969828","2","1","1","2","1","1.0781","2.1562","2.1562","829","Snapshot","46299","3 months ago",,"https://www.lcsc.com/product-detail/C2969828.html"
"U12","3.0 V always-on LDO","TI","TPS7A0230PDBVR","C3747031","1","1","1","1","1","0.4515","0.4515","0.4515","37473","Snapshot","46299","today",,"https://www.lcsc.com/product-detail/C3747031.html"
"U13, U16, U17","Low-current gauge signal isolation","TI","TS5A3167DBVR","C128416","3","5","5","5","5","0.3187","0.9561","1.5935","11755","Listing snapshot","46299","2026-10-04",,"https://www.lcsc.com/product-detail/C128416.html"
"Q100","Charge-enable NMOS","Nexperia","2N7002,215","C65189","1","20","20","20","20","0.0183","0.0183","0.366","274640","Snapshot","46299","today",,"https://www.lcsc.com/product-detail/C65189.html"
"D5","USB-C CC protection","ST","ESDA25L","C95343","1","5","5","5","5","0.0971","0.0971","0.4855","1955","Snapshot","46299","2 months ago",,"https://www.lcsc.com/product-detail/C95343.html"
"D6","Raw VBUS 22V standoff TVS","TI","TVS2200DRVR","C523793","1","5","5","5","5","0.4672","0.4672","2.336","3285","Listing snapshot","46299","2026-10-04",,"https://www.lcsc.com/product-detail/C523793.html"
"L1","Charger inductor","Bourns","SRN6045TA-2R2Y","C1332316","1","5","5","5","5","0.2261","0.2261","1.1305","2980","Snapshot","46299","5 days ago",,"https://www.lcsc.com/product-detail/C1332316.html"
"C104, C105, C107, C140, C141, C142, C150, C152, C153, C154","Charger / regulated-rail 22uF bulk capacitors","Murata","GRM21BZ71A226ME15L","C907991","10","5","5","15","5","0.2543","2.543","3.8145","146915","Selected; price/stock open","46300","2026-10-05",,"https://www.lcsc.com/product-detail/C907991.html"
"U14","5 V codec logic buck-boost regulator","Texas Instruments","TPS63802DLAR","C2845237","1","1","1","2","1","0.9773","0.9773","1.9546","16705","Listing snapshot","46299","2026-10-04","Same selected part and listing snapshot as U15; stock/price snapshot, not quote.","https://www.lcsc.com/product-detail/C2845237.html"
"C1, C3","PD 1uF X7R 10V capacitors","Samsung Electro-Mechanics","CL21B105KBFNNNE","C28323","2","10","10","10","10","0.0403","0.0806","0.403","1363910","Listing snapshot","46300","2026-10-05",,"https://www.lcsc.com/product-detail/C28323.html"
"C2","100nF / 50V capacitor","Samsung Electro-Mechanics","CL21B104KBCNNNC","C1711","1","20","20","20","20","0.0159","0.0159","0.318","854600","Listing snapshot","46300","2026-10-05",,"https://www.lcsc.com/product-detail/C1711.html"
"C4, C6, C180","1uF / 50V capacitor; effective capacitance open","Samsung Electro-Mechanics","CL21B105KBFNNNE","C28323","3","10","10","0","10","0.0403","0.1209","","1363910","Listing snapshot","46300","2026-10-05",,"https://www.lcsc.com/product-detail/C28323.html"
"C5","4.7uF / 50V U19 input capacitor; prove effective capacitance meets TI minimum at worst DC bias/tolerance/temp.","Samsung Electro-Mechanics","CL31B475KBHNNNE","C51205","1","10","10","10","10","0.0759","0.0759","0.759","302170","Listing snapshot","46300","2026-10-05",,"https://www.lcsc.com/product-detail/C51205.html"
"R1","PD 470R resistor","YAGEO","RC0603FR-07470RL","C114669","1","100","100","100","100","0.0025","0.0025","0.25","1090800","Listing snapshot","46300","2026-10-05",,"https://www.lcsc.com/product-detail/C114669.html"
"R2","1k resistor","YAGEO","RC0603FR-071KL","C22548","1","100","100","100","100","0.0037","0.0037","0.37","10309000","Listing snapshot","46300","2026-10-05",,"https://www.lcsc.com/product-detail/C22548.html"
"R6, R9","PD 4.7k resistors","YAGEO","RC0603FR-074K7L","C99782","2","100","100","100","100","0.0011","0.0022","0.11","1575400","Listing snapshot","46300","2026-10-05",,"https://www.lcsc.com/product-detail/C99782.html"
"R10, R55","PD 100k resistors","YAGEO","RC0603FR-07100KL","C14675","2","100","100","100","100","0.0036","0.0072","0.36","7813400","Listing snapshot","46300","2026-10-05",,"https://www.lcsc.com/product-detail/C14675.html"
"R11","PD 22k resistor","YAGEO","RC0603FR-0722KL","C114065","1","100","100","100","100","0.0017","0.0017","0.17","644600","Listing snapshot","46300","2026-10-05",,"https://www.lcsc.com/product-detail/C114065.html"
"R13","PD 100R resistor","YAGEO","RC0603FR-07100RL","C105588","1","100","100","100","100","0.0024","0.0024","0.24","2943700","Listing snapshot","46300","2026-10-05",,"https://www.lcsc.com/product-detail/C105588.html"
"D4","PD support diode; 1N4148W type","Diodes Incorporated","1N4148W-7-F","C83528","1","20","20","20","20","0.0293","0.0293","0.586","231360","Listing snapshot","46300","2026-10-05","In stock 231,360; $0.0293 at MOQ 20. Datasheet: 100V VRRM, SOD-123, 300mA, low leakage.","https://www.lcsc.com/product-detail/C83528.html"
"J4","PD I2C service header",,,,"1",,,"",,,"","",,"MPN open",,,,
"C100","Charger 2.2uF / 25V capacitor","Samsung Electro-Mechanics","CL21B225KBYNNNE","C2762602","1","5","5","5","5","0.1052","0.1052","0.526","73810","Listing snapshot","46300","2026-10-05",,"https://www.lcsc.com/product-detail/C2762602.html"
"C101","Charger PMID 22uF / 25V capacitor","Samsung Electro-Mechanics","CL32B226KAJNNNE","C309062","1","1","1","2","1","0.3569","0.3569","0.7138","96346","Listing snapshot","46300","2026-10-05",,"https://www.lcsc.com/product-detail/C309062.html"
"C102","Charger 10uF / 10V capacitor","Samsung Electro-Mechanics","CL21B106KPQNNNE","C32635","1","10","10","10","10","0.093","0.093","0.93","230700","Listing snapshot","46300","2026-10-05",,"https://www.lcsc.com/product-detail/C32635.html"
"C103","Charger 47nF X7R / 10V minimum bootstrap capacitor","YAGEO","CC0603KRX7R9BB473","C107093","1","50","50","50","50","0.0077","0.0077","0.385","1537650","Listing snapshot","46300","2026-10-05","In stock 1,537,650; $0.0077 at MOQ 50. Exact 47nF 50V X7R ±10%, 0603. Datasheet has no guaranteed DC-bias curve.","https://www.lcsc.com/product-detail/Multilayer-Ceramic-Capacitors-MLCC-SMD-SMT_YAGEO-CC0603KRX7R9BB473_C107093.html"
"C106","Charger BAT 22uF / 10V capacitor","Murata","GRM21BZ71A226ME15L","C907991","1","5","5","0","5","0.2543","0.2543","","146915","Selected; price/stock open","46300","2026-10-05",,"https://www.lcsc.com/product-detail/C907991.html"
"R100","Charger 5.23k resistor","SAE","1RC0603F5231","C54531489","1","100","100","100","100","0.002","0.002","0.2","9900","Listing snapshot","46300","2026-10-05",,"https://www.lcsc.com/product-detail/C54531489.html"
"R101","Charger 30.1k resistor","SAE","1RC0603F3012","C54531365","1","100","100","100","100","0.002","0.002","0.2","3700","Listing snapshot","46300","2026-10-05",,"https://www.lcsc.com/product-detail/C54531365.html"
"R102","Charger 220R ILIM resistor","YAGEO","RC0603FR-07220RL","C107696","1","100","100","100","100","0.0012","0.0012","0.12","484600","Listing snapshot","46300","2026-10-05",,"https://www.lcsc.com/product-detail/C107696.html"
"R103, R106","Charger 10k resistors","YAGEO","RC0603FR-0710KL","C98220","2","100","100","100","100","0.0035","0.007","0.35","11102500","Listing snapshot","46300","2026-10-05",,"https://www.lcsc.com/product-detail/C98220.html"
"R107","Charger 100k resistor","YAGEO","RC0603FR-07100KL","C14675","1","100","100","0","100","0.0036","0.0036","","7813400","Listing snapshot","46300","2026-10-05",,"https://www.lcsc.com/product-detail/C14675.html"
"J5","Three-contact protected pack connector",,,,"1",,,"",,,"","",,"MPN open",,,,
"SW100","QON wake pushbutton",,,,"1",,,"",,,"","",,"MPN open",,,,
"SW101","Pack-positive disconnect switch",,,,"1",,,"",,,"","",,"MPN open",,,,
"PACK","Protected 1S Li-ion pack with 10k NTC; capacity/curve/lead open",,,,"1",,,"",,,"","",,"MPN open",,,,
"C120, C121, C130, C131, C132, C143, C151","100nF / 10V-or-higher 0603 decoupling","Samsung Electro-Mechanics","CL10B104KB8NNNC","C1591","7","100","100","100","100","0.0111","0.0777","1.11","1192600","Listing snapshot","46300","2026-10-05",,"https://www.lcsc.com/product-detail/C1591.html"
"C122, C123, C124, C125","AO LDO 1uF X7R 10V capacitors","Taiyo Yuden","LMK107B7105KA-T","C92806","4","50","50","50","50","0.0231","0.0924","1.155","3650","Listing snapshot","46300","2026-10-05",,"https://www.lcsc.com/es/product-detail/C92806.html"
"R120, R121","Gauge I2C 4.7k resistors","YAGEO","RC0603FR-074K7L","C99782","2","100","100","0","100","0.0011","0.0022","","1575400","Listing snapshot","46300","2026-10-05",,"https://www.lcsc.com/product-detail/C99782.html"
"R122","Gauge 47k resistor","YAGEO","RC0603FR-0747KL","C105579","1","100","100","100","100","0.0012","0.0012","0.12","887500","Listing snapshot","46300","2026-10-05",,"https://www.lcsc.com/product-detail/C105579.html"
"U15","3.8V Bluetooth buck-boost","TI","TPS63802DLAR","C2845237","1","1","1","0","1","0.9773","0.9773","","16705","Listing snapshot","46299","2026-10-04",,"https://www.lcsc.com/product-detail/C2845237.html"
"L2","0.47uH codec buck-boost inductor","Coilcraft","XFL4015-471MEC","C18221164","1","1","1","2","1","4.2515","4.2515","8.503","2773","Listing snapshot","46299","2026-10-04","Same MPN as L3; listing stock and tier are shared.","https://www.lcsc.com/product-detail/C18221164.html"
"L3","Bluetooth buck-boost 0.47uH inductor","Coilcraft","XFL4015-471MEC","C18221164","1","1","1","0","1","4.2515","4.2515","","2773","Listing snapshot","46299","2026-10-04",,"https://www.lcsc.com/product-detail/C18221164.html"
"U18","USB input hardware overvoltage cutoff","TI","TPS26600PWPR","C544399","1","1","1","1","1","1.6339","1.6339","1.6339","4931","Listing snapshot","46299","2026-10-04",,"https://www.lcsc.com/product-detail/C544399.html"
"D7, D9","PMOS gate 12V clamp","Diodes Incorporated","BZT52C12-7-F","C124196","2","10","10","10","10","0.0771","0.1542","0.771","26150","Listing snapshot","46299","2026-10-04","D7 and D9 use the same clamp; retained the existing 2026-10-04 listing snapshot price and MOQ.","https://www.lcsc.com/product-detail/C124196.html"
"D8","Protected VBUS clamp; manufacturer-specific","Taiwan Semiconductor","SMA6J10A M2G","C2444429","1",,,"",,,"","",,"Stock/price unverified",,,,"https://www.lcsc.com/product-detail/C2444429.html"
"C10","100nF / 25V capacitor","Samsung Electro-Mechanics","CL21B104KBCNNNC","C1711","1","20","20","0","20","0.0159","0.0159","","854600","Listing snapshot","46300","2026-10-05",,"https://www.lcsc.com/product-detail/C1711.html"
"R4","3.3k1206 discharge resistor; thermal/pulse qualification open","YAGEO","RC1206FR-073K3L","C137292","1","50","50","50","50","0.0104","0.0104","0.52","264700","Listing snapshot","46300","2026-10-05",,"https://www.lcsc.com/product-detail/C137292.html"
"R140","78.7k 1% codec feedback divider resistor","SAE","1RC0603F7872","C54531588","1","100","100","100","100","0.002","0.002","0.2","4700","Listing snapshot","46300","2026-10-05","In stock 4,700; tier $0.002 at 100+. Datasheet confirms 0603, ±1%, ±100ppm/°C and −55 to +155°C.","https://www.lcsc.com/product-detail/C54531588.html"
"R141","9.1k 1% codec feedback divider resistor","YAGEO","RC0603FR-079K1L","C114639","1","100","100","100","100","0.0034","0.0034","0.34","296500","Listing snapshot","46300","2026-10-05","In stock 296,500; tier $0.0034 at 100+. 0603, ±1%, ±100ppm/°C, −55 to +155°C. Distinct MPN from R151.","https://www.lcsc.com/product-detail/C114639.html"
"R150","604k 1% feedback resistor","FOJAN","FRC0603F6043TS","C2933246","1","100","100","100","100","0.0025","0.0025","0.25","54400","Listing snapshot","46300","2026-10-05",,"https://www.lcsc.com/product-detail/C2933246.html"
"R151","91k 1% feedback resistor","YAGEO","AC0603FR-0791KL","C228098","1","100","100","100","100","0.0061","0.0061","0.61","700","Listing snapshot","46300","2026-10-05",,"https://www.lcsc.com/product-detail/C228098.html"
"R152, R153, R154","100k EN / MODE / bleeder resistors","YAGEO","RC0603FR-07100KL","C14675","3","100","100","0","100","0.0036","0.0108","","7813400","Listing snapshot","46300","2026-10-05",,"https://www.lcsc.com/product-detail/C14675.html"
"R180","100k 1% OVP divider resistor","YAGEO","RC0603FR-07100KL","C14675","1","100","100","0","100","0.0036","0.0036","","7813400","Listing snapshot","46300","2026-10-05",,"https://www.lcsc.com/product-detail/C14675.html"
"R181","12.1k 1% OVP divider resistor","YAGEO","RC0603FR-0712K1L","C123417","1","100","100","100","100","0.0031","0.0031","0.31","135800","Listing snapshot","46300","2026-10-05",,"https://www.lcsc.com/product-detail/C123417.html"
"R182","5.36k 1% current-limit resistor","FOJAN","FRC0603F5361TS","C2930112","1","100","100","100","100","0.0025","0.0025","0.25","33100","Listing snapshot","46300","2026-10-05",,"https://www.lcsc.com/product-detail/C2930112.html"
"C181","eFuse startup-ramp 22nF50VX7R0603","Samsung Electro-Mechanics","CL10B223KB8NNNC","C21122","1","50","50","50","50","0.0084","0.0084","0.42","316900","Listing snapshot","46300","2026-10-05",,"https://www.lcsc.com/product-detail/C21122.html"
"C108","Additional PMID22uF25V1210","Samsung Electro-Mechanics","CL32B226KAJNNNE","C309062","1","1","1","0","1","0.3569","0.3569","","96346","Listing snapshot","46300","2026-10-05",,"https://www.lcsc.com/product-detail/C309062.html"
"C109","Additional REGN10uF10V0805","Samsung Electro-Mechanics","CL21B106KPQNNNE","C32635","1","10","10","0","10","0.093","0.093","","230700","Listing snapshot","46300","2026-10-05",,"https://www.lcsc.com/product-detail/C32635.html"
"R142","100k EN pulldown resistor","YAGEO","RC0603FR-07100KL","C14675","1","100","100","0","100","0.0036","0.0036","","7813400","Listing snapshot","46300","2026-10-05","Existing selected resistor; separated from R141 after divider value change.","https://www.lcsc.com/product-detail/C14675.html"
"U19","USB auxiliary 5V / PD controller VDD LDO","Texas Instruments","TPS7B8450QWDRBRQ1","C3751394","1","1","1","1","1","1.3452","1.3452","1.3452","1","Listing snapshot","46300","2026-10-05","LCSC snapshot 2026-10-05: 1 pc in stock; $1.3452 at 1+, MOQ/multiple 1 (standard pack 3000; LCSC allows single-piece purchase). Stock is thin and may sell before ordering. TI TPS7B84-Q1: fixed 5V, 150mA, 40V input; startup/surge/dropout and thermal qualification open. Datasheet: ../datasheets/TPS7B84-Q1.pdf.","https://www.lcsc.com/product-detail/C3751394.html"
"U20","USB and system logic priority mux","Texas Instruments","TPS2116DRLR","C3235557","1",,,"",,,"","",,"Stock/price unverified",,,"Selected MPN/LCSC mapping; current stock and price not verified.","https://www.lcsc.com/product-detail/C3235557.html"
"R124","180k 1% USB-priority threshold divider resistor","YAGEO","RC0603FR-07180KL","C123419","1","100","100","100","100","0.0012","0.0012","",,"Stock unverified; price snapshot","46300","2026-10-05","Observed listing tier: $0.0012 at MOQ100. Product page may be stale; stock is unverified.","https://www.lcsc.com/product-detail/C123419.html"
"R125","100k PR1 divider resistor","YAGEO","RC0603FR-07100KL","C14675","1","100","100","0","100","0.0036","0.0036","","7813400","Listing snapshot","46300","2026-10-05","Reuse same selected MPN/LCSC mapping as existing 100k BOM rows; no additional MOQ order.","https://www.lcsc.com/product-detail/C14675.html"
